INSERT INTO brand (full_name, short_name) VALUES ('BAUER Hockey, LLC','BAUER');
INSERT INTO brand (full_name, short_name) VALUES ('Canada Cycle & Motor Co. Ltd.','CCM');
INSERT INTO brand (full_name, short_name) VALUES ('Warrior hockey, Ltd.','WARRIOR');
INSERT INTO brand (full_name, short_name) VALUES ('Fischer Sports GMBH','FISCHER');


INSERT INTO type (type_id, upper, medium, show_name) VALUES (1,'КОНЬКИ','КОНЬКИ_ХОККЕЙНЫЕ','Коньки');
INSERT INTO type (type_id, upper, medium, show_name) VALUES (2,'КОНЬКИ','КОНЬКИ_РОЛИКОВЫЕ','Коньки роликовые');
INSERT INTO type (type_id, upper, medium, show_name) VALUES (3,'ЗАЩИТА_ИГРОКА','НАГРУДНИК_ИГРОКА','Нагрудник');
INSERT INTO type (type_id, upper, medium, show_name) VALUES (4,'ЗАЩИТА_ИГРОКА','ЩИТКИ_ИГРОКА','Щитки');
INSERT INTO type (type_id, upper, medium, show_name) VALUES (5,'ЗАЩИТА_ИГРОКА','ШЛЕМ_ИГРОКА','Шлем');
INSERT INTO type (type_id, upper, medium, show_name) VALUES (6,'ЗАЩИТА_ИГРОКА','ЗАЩИТА_ПАХА_ИГРОКА','Защита паха');
INSERT INTO type (type_id, upper, medium, show_name) VALUES (7,'ЗАЩИТА_ИГРОКА','НАЛОКОТНИКИ_ИГРОКА','Налокотники');
INSERT INTO type (type_id, upper, medium, show_name) VALUES (8,'ЗАЩИТА_ИГРОКА','ТРУСЫ_ИГРОКА','Трусы');
INSERT INTO type (type_id, upper, medium, show_name) VALUES (9,'ЗАЩИТА_ИГРОКА','ВИЗОРЫ_И_МАСКИ_ИГРОКА','Визор/Маска');
INSERT INTO type (type_id, upper, medium, show_name) VALUES (10,'ЗАЩИТА_ИГРОКА','ЗАЩИТА_ШЕИ_ИГРОКА','Защита шеи');
INSERT INTO type (type_id, upper, medium, show_name) VALUES (11,'ЗАЩИТА_ИГРОКА','ПЕРЧАТКИ_ИГРОКА','Перчатки');
INSERT INTO type (type_id, upper, medium, show_name) VALUES (12,'ЗАЩИТА_ИГРОКА','ЗАЩИТА_ЗАПЯСТЬЯ_ИГРОКА','Защита запястья');
INSERT INTO type (type_id, upper, medium, show_name) VALUES (13,'КЛЮШКИ','КЛЮШКА_ИГРОКА','Клюшка');
INSERT INTO type (type_id, upper, medium, show_name) VALUES (14,'КЛЮШКИ','КЛЮШКА_ВРАТАРЯ','Вратарская клюшка');
INSERT INTO type (type_id, upper, medium, show_name) VALUES (15,'КЛЮШКИ','ТРУБЫ','Труба');
INSERT INTO type (type_id, upper, medium, show_name) VALUES (16,'КЛЮШКИ','КРЮКИ','Крюк');
INSERT INTO type (type_id, upper, medium, show_name) VALUES (17,'ОДЕЖДА','ГАМАШИ','Гамаши');
INSERT INTO type (type_id, upper, medium, show_name) VALUES (18,'ОДЕЖДА','ТРЕНИРОВОЧНЫЕ_МАЙКИ','Хоккейная майка');
INSERT INTO type (type_id, upper, medium, show_name) VALUES (19,'ОДЕЖДА','НАТЕЛЬНОЕ_БЕЛЬЕ','Нательное белье');
INSERT INTO type (type_id, upper, medium, show_name) VALUES (20,'ВРАТАРСКАЯ_ФОРМА','НАГРУДНИК_ВРАТАРЯ','Нагрудник вратаря');
INSERT INTO type (type_id, upper, medium, show_name) VALUES (21,'ВРАТАРСКАЯ_ФОРМА','ТРУСЫ_ВРАТАРЯ','Трусы вратаря');
INSERT INTO type (type_id, upper, medium, show_name) VALUES (22,'ВРАТАРСКАЯ_ФОРМА','КОНЬКИ_ВРАТАРЯ','Коньки вратаря');
INSERT INTO type (type_id, upper, medium, show_name) VALUES (23,'ВРАТАРСКАЯ_ФОРМА','ЩИТКИ_ВРАТАРЯ','Щитки вратаря');
INSERT INTO type (type_id, upper, medium, show_name) VALUES (24,'ВРАТАРСКАЯ_ФОРМА','ШЛЕМ_ВРАТАРЯ','Шлем вратаря');
INSERT INTO type (type_id, upper, medium, show_name) VALUES (25,'ВРАТАРСКАЯ_ФОРМА','БЛИН_И_ЛОВУШКА_ВРАТАРЯ','Блин/ловушка вратаря');
INSERT INTO type (type_id, upper, medium, lower, show_name) VALUES (26,'ВРАТАРСКАЯ_ФОРМА','АКСЕССУАРЫ_ВРАТАРЯ','ЗАЩИТА_ШЕИ_ВРАТАРЯ','Защита шеи вратаря');
INSERT INTO type (type_id, upper, medium, lower, show_name) VALUES (27,'ВРАТАРСКАЯ_ФОРМА','АКСЕССУАРЫ_ВРАТАРЯ','ЗАЩИТА_ГОРЛА_ВРАТАРЯ','Защита горла вратаря');
INSERT INTO type (type_id, upper, medium, lower, show_name) VALUES (28,'ВРАТАРСКАЯ_ФОРМА','АКСЕССУАРЫ_ВРАТАРЯ','ЗАЩИТА_ПАХА_ВРАТАРЯ','Защита паха вратаря');
INSERT INTO type (type_id, upper, medium, lower, show_name) VALUES (29,'ВРАТАРСКАЯ_ФОРМА','АКСЕССУАРЫ_ВРАТАРЯ','ЗАЩИТА_КОЛЕНЕЙ_ВРАТАРЯ','Защита коленей вратаря');
INSERT INTO type (type_id, upper, medium, lower, show_name) VALUES (30,'ВРАТАРСКАЯ_ФОРМА','АКСЕССУАРЫ_ВРАТАРЯ','ПОЯС_ВРАТАРЯ','Пояс вратаря');
INSERT INTO type (type_id, upper, medium, show_name) VALUES (31,'СУМКИ','СУМКИ_ХОККЕЙНЫЕ','Сумка хоккейная');
INSERT INTO type (type_id, upper, medium, show_name) VALUES (32,'СУМКИ','СУМКИ_ДЛЯ_ПРИНАДЛЕЖНОСТЕЙ','Сумка для принадлежностей');
INSERT INTO type (type_id, upper, medium, lower, show_name) VALUES (33,'АКСЕССУАРЫ','АКСЕССУАРЫ_ДЛЯ_КОНЬКОВ','ЧЕХЛЫ','Чехлы');
INSERT INTO type (type_id, upper, medium, lower, show_name) VALUES (34,'АКСЕССУАРЫ','АКСЕССУАРЫ_ДЛЯ_КОНЬКОВ','ЛЕЗВИЯ','Лезвия');
INSERT INTO type (type_id, upper, medium, lower, show_name) VALUES (35,'АКСЕССУАРЫ','АКСЕССУАРЫ_ДЛЯ_КОНЬКОВ','СТАКАНЫ','Стаканы');
INSERT INTO type (type_id, upper, medium, lower, show_name) VALUES (36,'АКСЕССУАРЫ','АКСЕССУАРЫ_ДЛЯ_КОНЬКОВ','ШНУРКИ','Шнурки');
INSERT INTO type (type_id, upper, medium, lower, show_name) VALUES (37,'АКСЕССУАРЫ','АКСЕССУАРЫ_ДЛЯ_ШЛЕМА','ЗАПЧАСТИ','Запчасти для шлема');
INSERT INTO type (type_id, upper, medium, lower, show_name) VALUES (38,'АКСЕССУАРЫ','АКСЕССУАРЫ_ДЛЯ_ШЛЕМА','АНТИФОГ','Антифог');
INSERT INTO type (type_id, upper, medium, lower, show_name) VALUES (39,'АКСЕССУАРЫ','АКСЕССУАРЫ_ДЛЯ_ШЛЕМА','ПОДШЛЕМНИКИ','Подшлемник');
INSERT INTO type (type_id, upper, medium, lower, show_name) VALUES (40,'АКСЕССУАРЫ','АКСЕССУАРЫ_ДЛЯ_КЛЮШЕК','ЛЕНТА','Лента');
INSERT INTO type (type_id, upper, medium, lower, show_name) VALUES (41,'АКСЕССУАРЫ','АКСЕССУАРЫ_ДЛЯ_ИГРОКА','БУТЫЛКИ','Бутылка');
INSERT INTO type (type_id, upper, medium, lower, show_name) VALUES (42,'АКСЕССУАРЫ','АКСЕССУАРЫ_ДЛЯ_ИГРОКА','ПОЯСА_И_ПОДТЯЖКИ','Пояс/Подтяжки');
INSERT INTO type (type_id, upper, medium, lower, show_name) VALUES (43,'АКСЕССУАРЫ','ШАЙБЫ_И_МЯЧИ','ШАЙБЫ','Шайба');
INSERT INTO type (type_id, upper, medium, lower, show_name) VALUES (44, 'АКСЕССУАРЫ', 'ШАЙБЫ_И_МЯЧИ', 'МЯЧИ', 'Мяч');
INSERT INTO type (type_id, upper, medium, show_name) VALUES (45, 'АКСЕССУАРЫ', 'ВОРОТА', 'Ворота');
INSERT INTO type (type_id, upper, medium, show_name) VALUES (46, 'РАЗНОЕ', 'ДОСКИ_ТАКТИЧЕСКИЕ', 'Доска тактическая');

INSERT INTO shop (shop_id, name, website) VALUES (1, 'HOCKEYBEZGRANIC', 'https://hockeybezgranic.ru');
INSERT INTO shop (shop_id, name, website) VALUES (2, 'SPORTDEPO', 'https://www.sportdepo.ru/');
INSERT INTO shop (shop_id, name, website) VALUES (3, 'HOCK5', 'https://hock5.ru/');
INSERT INTO shop (shop_id, name, website) VALUES (4, 'ALLHOCKEY', 'https://allhockey24.ru');
INSERT INTO shop (shop_id, name, website) VALUES (5, 'FORMASPB', 'https://forma-spb.ru');
INSERT INTO shop (shop_id, name, website) VALUES (6, 'KLUSHKI', 'https://klushki.com//');

INSERT INTO rating VALUES (1,0.1);
INSERT INTO rating VALUES (2,0.2);
INSERT INTO rating VALUES (3,0.3);
INSERT INTO rating VALUES (4,0.4);
INSERT INTO rating VALUES (5,0.5);
INSERT INTO rating VALUES (6,0.6);
INSERT INTO rating VALUES (7,0.7);
INSERT INTO rating VALUES (8,0.8);
INSERT INTO rating VALUES (9,0.9);
INSERT INTO rating VALUES (10,1);
INSERT INTO rating VALUES (11,1.1);
INSERT INTO rating VALUES (12,1.2);
INSERT INTO rating VALUES (13,1.3);
INSERT INTO rating VALUES (14,1.4);
INSERT INTO rating VALUES (15,1.5);
INSERT INTO rating VALUES (16,1.6);
INSERT INTO rating VALUES (17,1.7);
INSERT INTO rating VALUES (18,1.8);
INSERT INTO rating VALUES (19,1.9);
INSERT INTO rating VALUES (20,2);


INSERT INTO product (product_id, age, min_price, model, brand_id, type_id, max_price, rating_id, review_count) VALUES (134, 'SR', 1000, 'SUPREME S29', 1, 1, 1600,1, 0);
INSERT INTO product (product_id, age, min_price, model, brand_id, type_id, max_price, rating_id, review_count) VALUES (367, 'JR', 100, 'CONCEPT 3 FULL VISOR', 1, 9, 2500,2, 1);
INSERT INTO product (product_id, age, min_price, model, brand_id, type_id, max_price, rating_id, review_count) VALUES (40, 'YTH', null, 'VAPOR 2X', 1, 1, null,3, 2);
INSERT INTO product (product_id, age, min_price, model, brand_id, type_id, max_price, rating_id, review_count) VALUES (230, 'SR', null, 'PRO JOCK', 2, 6, null,4, 3);
INSERT INTO product (product_id, age, min_price, model, brand_id, type_id, max_price, rating_id, review_count) VALUES (2, 'UNDEFINED', 1999, 'DIADEMA MISSY', 4, 3, null,5, 4);
INSERT INTO product (product_id, age, min_price, model, brand_id, type_id, max_price, rating_id, review_count) VALUES (4, 'YTH', null, 'VAPOR X200', 1, 1, null,6, 5);
INSERT INTO product (product_id, age, min_price, model, brand_id, type_id, max_price, rating_id, review_count) VALUES (5, 'UNDEFINED', 0, 'DIADEMA LADY', 4, 1, null,7, 6);
INSERT INTO product (product_id, age, min_price, model, brand_id, type_id, max_price, rating_id, review_count) VALUES (28, 'JR', 1, 'VAPOR X700', 1, 1, null,8, 7);
INSERT INTO product (product_id, age, min_price, model, brand_id, type_id, max_price, rating_id, review_count) VALUES (157, 'JR', null, 'NSX', 1, 4, null,9, 8);
INSERT INTO product (product_id, age, min_price, model, brand_id, type_id, max_price, rating_id, review_count) VALUES (219, 'UNDEFINED', 3000, 'REAKT 150', 1, 5, 17990,10, 9);
INSERT INTO product (product_id, age, min_price, model, brand_id, type_id, max_price, rating_id, review_count) VALUES (83, 'SR', 2, 'VAPOR 2X PRO', 1, 1, 15,11, 10);
INSERT INTO product (product_id, age, min_price, model, brand_id, type_id, max_price, rating_id, review_count) VALUES (49, 'SR', null, 'SUPREME S180', 1, 1, null,12, 11);
INSERT INTO product (product_id, age, min_price, model, brand_id, type_id, max_price, rating_id, review_count) VALUES (50, 'SR', null, 'VAPOR X800', 1, 1, null,13, 12);
INSERT INTO product (product_id, age, min_price, model, brand_id, type_id, max_price, rating_id, review_count) VALUES (435, 'SR', null, 'PRO TEAM KHL ALL STAR GAME 2018', 1, 11, null,14, 13);
INSERT INTO product (product_id, age, min_price, model, brand_id, type_id, max_price, rating_id, review_count) VALUES (173, 'JR', null, 'SUPREME S29', 1, 4, 5990,15, 14);
INSERT INTO product (product_id, age, min_price, model, brand_id, type_id, max_price, rating_id, review_count) VALUES (153, 'YTH', null, 'JETSPEED FT1', 2, 4, 3390,16, 15);
INSERT INTO product (product_id, age, min_price, model, brand_id, type_id, max_price, rating_id, review_count) VALUES (242, 'YTH', null, 'JETSPEED FT1', 2, 7, 2000,17, 16);
INSERT INTO product (product_id, age, min_price, model, brand_id, type_id, max_price, rating_id, review_count) VALUES (194, 'SR', null, 'JETSPEED FT1', 2, 4, 12990,18, 17);
INSERT INTO product (product_id, age, min_price, model, brand_id, type_id, max_price, rating_id, review_count) VALUES (279, 'SR', null, 'SUPREME 2S', 1, 7, 6990,19, 18);
INSERT INTO product (product_id, age, min_price, model, brand_id, type_id, max_price, rating_id, review_count) VALUES (286, 'SR', null, 'JETSPEED FT1', 2, 7, 9290,20, 19);

-- prices < 5000

-- (InStockNormalPrice - 4; InStockZeroPrice - 0; NotInStockNormalPrice - 0; NotInStockZeroPrice - 0;)
insert into offer (offer_id, in_stock, link, popularity, price, product_id, shop_id) VALUES ('367:1', true,  '',  1, 1500,  367, 1);
insert into offer (offer_id, in_stock, link, popularity, price, product_id, shop_id) VALUES ('367:2', true,  '',  1, 1500,  367, 2);
insert into offer (offer_id, in_stock, link, popularity, price, product_id, shop_id) VALUES ('367:3', true,  '',  1,  100,  367, 3);
insert into offer (offer_id, in_stock, link, popularity, price, product_id, shop_id) VALUES ('367:4', true,  '',  1, 2500,  367, 4);

-- (InStockNormalPrice - 0; InStockZeroPrice - 4; NotInStockNormalPrice - 0; NotInStockZeroPrice - 0;)
insert into offer (offer_id, in_stock, link, popularity, price, product_id, shop_id) VALUES ('4:1', true,  '',  1, 0,  4, 1);
insert into offer (offer_id, in_stock, link, popularity, price, product_id, shop_id) VALUES ('4:2', true,  '',  1, 0,  4, 2);
insert into offer (offer_id, in_stock, link, popularity, price, product_id, shop_id) VALUES ('4:3', true,  '',  1,  0,  4, 3);
insert into offer (offer_id, in_stock, link, popularity, price, product_id, shop_id) VALUES ('4:4', true,  '',  1, 0,  4, 4);

-- (InStockNormalPrice - 0; InStockZeroPrice - 0; NotInStockNormalPrice - 4; NotInStockZeroPrice - 0;)
insert into offer (offer_id, in_stock, link, popularity, price, product_id, shop_id) VALUES ('40:1',  false, '',  1, 1500,   40, 1);
insert into offer (offer_id, in_stock, link, popularity, price, product_id, shop_id) VALUES ('40:2',  false, '',  1, 1500,   40, 2);
insert into offer (offer_id, in_stock, link, popularity, price, product_id, shop_id) VALUES ('40:3',  false, '',  1,  500,   40, 3);
insert into offer (offer_id, in_stock, link, popularity, price, product_id, shop_id) VALUES ('40:4',  false, '',  1, 2500,   40, 4);

-- (InStockNormalPrice - 0; InStockZeroPrice - 0; NotInStockNormalPrice - 0; NotInStockZeroPrice - 4;)
insert into offer (offer_id, in_stock, link, popularity, price, product_id, shop_id) VALUES ('230:1', false, '',  1,     0, 230, 1);
insert into offer (offer_id, in_stock, link, popularity, price, product_id, shop_id) VALUES ('230:2', false, '',  1,     0, 230, 2);
insert into offer (offer_id, in_stock, link, popularity, price, product_id, shop_id) VALUES ('230:3', false, '',  1,     0, 230, 3);
insert into offer (offer_id, in_stock, link, popularity, price, product_id, shop_id) VALUES ('230:4', false, '',  1,     0, 230, 4);

-- (InStockNormalPrice - 1; InStockZeroPrice - 1; NotInStockNormalPrice - 1; NotInStockZeroPrice - 1;)
insert into offer (offer_id, in_stock, link, popularity, price, product_id, shop_id) VALUES ('5:1', true, '',  1,     4900, 5, 1);
insert into offer (offer_id, in_stock, link, popularity, price, product_id, shop_id) VALUES ('5:2', true, '',  1,     0, 5, 2);
insert into offer (offer_id, in_stock, link, popularity, price, product_id, shop_id) VALUES ('5:3', false, '',  1,     4400, 5, 3);
insert into offer (offer_id, in_stock, link, popularity, price, product_id, shop_id) VALUES ('5:4', false, '',  1,     0, 5, 4);

-- (InStockNormalPrice - 2; InStockZeroPrice - 2; NotInStockNormalPrice - 0; NotInStockZeroPrice - 0;)
insert into offer (offer_id, in_stock, link, popularity, price, product_id, shop_id) VALUES ('28:1', true, '',  1,     1200, 28, 1);
insert into offer (offer_id, in_stock, link, popularity, price, product_id, shop_id) VALUES ('28:2', true, '',  1,     1200, 28, 2);
insert into offer (offer_id, in_stock, link, popularity, price, product_id, shop_id) VALUES ('28:3', true, '',  1,     1,  28,3);
insert into offer (offer_id, in_stock, link, popularity, price, product_id, shop_id) VALUES ('28:4', true, '',  1,     1,  28,4);

-- (InStockNormalPrice - 2; InStockZeroPrice - 2; NotInStockNormalPrice - 0; NotInStockZeroPrice - 0;)
insert into offer (offer_id, in_stock, link, popularity, price, product_id, shop_id) VALUES ('157:1', false, '',  1,     2400, 157, 1);
insert into offer (offer_id, in_stock, link, popularity, price, product_id, shop_id) VALUES ('157:2', false, '',  1,     2405, 157, 2);
insert into offer (offer_id, in_stock, link, popularity, price, product_id, shop_id) VALUES ('157:3', false, '',  1,     0,  157,3);
insert into offer (offer_id, in_stock, link, popularity, price, product_id, shop_id) VALUES ('157:4', false, '',  1,     0,  157,4);

-- (InStockNormalPrice - 2; InStockZeroPrice - 0; NotInStockNormalPrice - 2; NotInStockZeroPrice - 0;)
insert into offer (offer_id, in_stock, link, popularity, price, product_id, shop_id) VALUES ('219:1', true, '',  1,     3000, 219, 1);
insert into offer (offer_id, in_stock, link, popularity, price, product_id, shop_id) VALUES ('219:2', true, '',  1,     3000, 219, 2);
insert into offer (offer_id, in_stock, link, popularity, price, product_id, shop_id) VALUES ('219:3', false, '',  1,     3000,  219,3);
insert into offer (offer_id, in_stock, link, popularity, price, product_id, shop_id) VALUES ('219:4', false, '',  1,     3000,  219,4);

-- (InStockNormalPrice - 0; InStockZeroPrice - 2; NotInStockNormalPrice - 0; NotInStockZeroPrice - 2;)
insert into offer (offer_id, in_stock, link, popularity, price, product_id, shop_id) VALUES ('83:1', true, '',  1,     15, 83, 1);
insert into offer (offer_id, in_stock, link, popularity, price, product_id, shop_id) VALUES ('83:2', true, '',  1,     2, 83, 2);
insert into offer (offer_id, in_stock, link, popularity, price, product_id, shop_id) VALUES ('83:3', false, '',  1,     0,  83,3);
insert into offer (offer_id, in_stock, link, popularity, price, product_id, shop_id) VALUES ('83:4', false, '',  1,     0,  83,4);

-- (InStockNormalPrice - 2; InStockZeroPrice - 0; NotInStockNormalPrice - 1; NotInStockZeroPrice - 1;)
insert into offer (offer_id, in_stock, link, popularity, price, product_id, shop_id) VALUES ('134:1', true,  '',  1, 1000,  134, 1);
insert into offer (offer_id, in_stock, link, popularity, price, product_id, shop_id) VALUES ('134:2', false, '',  1,    0,  134, 2);
insert into offer (offer_id, in_stock, link, popularity, price, product_id, shop_id) VALUES ('134:3', false, '',  1,   10,  134, 3);
insert into offer (offer_id, in_stock, link, popularity, price, product_id, shop_id) VALUES ('134:4', true,  '',  1, 1600,  134, 4);

-- (InStockNormalPrice - 3; InStockZeroPrice - 0; NotInStockNormalPrice - 1; NotInStockZeroPrice - 0;)
insert into offer (offer_id, in_stock, link, popularity, price, product_id, shop_id) VALUES ('2:1',   true,  '',  1,  1999,   2, 1);
insert into offer (offer_id, in_stock, link, popularity, price, product_id, shop_id) VALUES ('2:2',   true,  '',  1,  2000,   2, 2);
insert into offer (offer_id, in_stock, link, popularity, price, product_id, shop_id) VALUES ('2:3',   false, '',  1,  1999,   2, 3);
insert into offer (offer_id, in_stock, link, popularity, price, product_id, shop_id) VALUES ('2:4',   true,  '',  1,  1999,   2, 4);



